user_20240926201540861537.png,1
user_20240926201558453499.png,2
user_20240926201606863334.png,3
user_20240926201615652007.png,4
user_20240926201623791474.png,5
user_20240926201630143787.png,6
user_20240926201638546467.png,7
user_20240926201644694293.png,8
user_20240926201649567606.png,9
user_20240926201653629086.png,0
user_20240926201657733443.png,1
user_20240926201702945423.png,2
user_20240926201708029265.png,3
user_20240926201713111412.png,4
user_20240926201719280376.png,5
user_20240926201723603587.png,6
user_20240926201729141249.png,7
user_20240926201735314575.png,8
user_20240926201740713395.png,9
user_20240926201744912362.png,0
user_20240926201751377097.png,1
user_20240926201758223273.png,2
user_20240926201804437358.png,3
user_20240926201810304482.png,4
user_20240926201816447341.png,3
user_20240926201822281285.png,1
user_20240926201827253290.png,1
user_20240926201831272272.png,1
user_20240926201836544241.png,1
user_20240926201840105991.png,1
user_20240926201844871193.png,1
user_20240926201849014501.png,1
user_20240926201853900148.png,1
user_20240926201858039443.png,1
user_20240926201906670089.png,2
user_20240926201913782039.png,7
user_20240926201918287729.png,7
user_20240926201922742866.png,7
user_20240926201926698967.png,7
user_20240926201930916255.png,7
user_20240926201935246243.png,7
user_20240926201938726685.png,7
user_20240926201942662252.png,7
user_20240926201947108267.png,7
user_20240926201951484228.png,6
user_20240926201956258237.png,8
user_20240926202000678375.png,9
user_20240926202004124991.png,9
user_20240926202007877321.png,9
user_20240926202011125255.png,9
user_20240926202017283687.png,1
user_20240926202020075196.png,1
user_20240926202023904376.png,1
user_20240926202029069995.png,1
user_20240926202036076162.png,2
user_20240926202042701725.png,5
user_20240926202048261518.png,6
user_20240926202052887164.png,7
user_20240926202056771485.png,7
user_20240926202100685151.png,7
user_20240926202104844141.png,7
user_20240926202108352013.png,7
user_20240926202112039398.png,7
user_20240926202116102626.png,7
user_20240926202120322124.png,7
user_20240926202124286139.png,7
user_20240926202128382249.png,7
user_20240926202132403110.png,7
user_20240926202137644282.png,7
user_20240926202141386365.png,7
user_20240926202145295115.png,7
user_20240926202148586191.png,7
user_20240926202152817170.png,7
user_20240926202156178106.png,7
user_20240926202200022005.png,7
user_20240926202203154112.png,7
user_20240926202206760998.png,7
user_20240926202210270067.png,7
user_20240926202214740041.png,9
user_20240926202218148257.png,9
user_20240926202222147008.png,9
user_20240926202226404022.png,9
user_20240926202231511951.png,9
user_20240926202237080044.png,9
user_20240926202242485899.png,9
user_20240926202246255047.png,9
user_20240926202254926826.png,1
user_20240926202259621902.png,7
user_20240926202304516774.png,7
user_20240926202307515277.png,7
user_20240926202312763735.png,1
user_20240926202316639584.png,1
user_20240926202321201680.png,1
user_20240926202326031655.png,2
user_20240926202330529968.png,2
user_20240926202334531860.png,2
user_20240926202339044972.png,3
user_20240926202343082559.png,3
user_20240926202347148536.png,3
user_20240926202350773584.png,4
user_20240926202355229490.png,4
user_20240926202402282943.png,5
user_20240926202407943424.png,5
user_20240926202412598932.png,5
user_20240926202418267328.png,5
user_20240926202423409919.png,6
user_20240926202428123310.png,6
user_20240926202432399831.png,6
user_20240926202436572917.png,6
user_20240926202440408084.png,6
user_20240926202444164225.png,6
user_20240926202447450243.png,6
user_20240926202451356890.png,6
user_20240926202454634177.png,6
user_20240926202458424144.png,6
user_20240926202501792128.png,6
user_20240926202506092883.png,7
user_20240926202509067885.png,7
user_20240926202512384072.png,7
user_20240926202516059847.png,7
user_20240926202520260598.png,7
user_20240926202525445251.png,8
user_20240926202549552815.png,9
user_20240926202554598842.png,9
user_20240926204353383683.png,7
user_20240926204402526955.png,7
user_20240926204411451600.png,0
user_20240926204418612048.png,1
user_20240926204425554597.png,1
user_20240926204431962939.png,2
user_20240926204438371586.png,2
user_20240926204444527556.png,2
user_20240926204450928888.png,3
user_20240926204455636557.png,3
user_20240926204500881537.png,3
user_20240926204506078514.png,4
user_20240926204511236526.png,4
user_20240926204516205532.png,4
user_20240926204520819716.png,4
user_20240926204527405252.png,4
user_20240926204538861481.png,5
user_20240926204544063251.png,5
user_20240926204549579086.png,5
user_20240926204554755477.png,6
user_20240926204559671508.png,6
user_20240926204604413528.png,6
user_20240926204612992525.png,8
user_20240926204622280446.png,8
user_20240926204629026295.png,8
user_20240926204635075562.png,9
user_20240926204640705036.png,9
user_20240926204645715262.png,9
user_20240926204654079225.png,9
user_20240926204723882375.png,0
user_20240926204728787027.png,0
user_20240926204752667374.png,0
user_20240926204759487343.png,1
user_20240926204802925336.png,1
user_20240926204807453341.png,1
user_20240926204812169092.png,2
user_20240926204816116325.png,2
user_20240926204819717757.png,2
user_20240926204824324529.png,3
user_20240926204827475946.png,3
user_20240926204831353690.png,3
user_20240926204834984676.png,4
user_20240926204839669651.png,4
user_20240926204846093259.png,4
user_20240926204853938269.png,4
user_20240926204858710996.png,5
user_20240926204902798265.png,5
user_20240926204906685465.png,5
user_20240926204910580478.png,6
user_20240926204914785724.png,6
user_20240926204918751436.png,6
user_20240926204922669413.png,7
user_20240926204929419376.png,7
user_20240926204932619944.png,7
user_20240926204937732332.png,8
user_20240926204942929233.png,8
user_20240926204950918260.png,8
user_20240926204954547183.png,9
user_20240926204959029217.png,9
user_20240926205004429191.png,9
user_20240926205011119157.png,0
user_20240926205015313160.png,0
user_20240926205021260181.png,0
user_20240926205047323152.png,1
user_20240926205051639937.png,1
user_20240926205055125258.png,1
user_20240926205210283063.png,2
user_20240926205216139304.png,2
user_20240926205220024612.png,2
user_20240926205225884039.png,3
user_20240926205230833595.png,3
user_20240926205235345376.png,3
user_20240926205240525991.png,4
user_20240926205245727015.png,4
user_20240926205303994224.png,4
user_20240926205311697223.png,5
user_20240926205316010047.png,5
user_20240926205319887978.png,5
user_20240926205325186118.png,6
user_20240926205330234080.png,6
user_20240926205333518272.png,6
user_20240926205337617947.png,7
user_20240926205340719945.png,7
user_20240926205345939542.png,7
user_20240926205349535634.png,8
user_20240926205354073950.png,8
user_20240926205357878226.png,8
user_20240926205403415903.png,9
user_20240926205406672160.png,9
user_20240926205410430614.png,9
user_20240926205413937401.png,0
user_20240926205418005881.png,0
user_20240926205423845904.png,0
user_20240926220429514746.png,8
user_20240926220435308159.png,8
user_20240926220439872727.png,8
user_20240926220444448175.png,8
user_20240926220449039209.png,8
user_20240926220457531182.png,8
user_20240926220502365164.png,8
user_20240926220507928162.png,8
user_20240926220512573342.png,8
user_20240926220518707992.png,8
user_20240926220527506992.png,8
user_20240926220532797125.png,9
user_20240926220539465828.png,2
user_20240926220544186504.png,2
user_20240926220552007851.png,7
user_20240926220558382715.png,7
user_20240926220603358134.png,8
user_20240926220607983002.png,6
user_20240926220613108484.png,5
user_20240926220619591079.png,8
user_20240926220625577084.png,8
user_20240926220631264188.png,3
user_20240926220635217108.png,3
user_20240926220640247051.png,1
user_20240926220645676042.png,2
user_20240926220650404640.png,2
user_20240926220654893071.png,3
user_20240926220700973982.png,4
user_20240926220705645019.png,5
user_20240926220710387929.png,6
user_20240926220715960715.png,7
user_20240926220720902250.png,7
user_20240926220725810999.png,8
user_20240926220730557822.png,8
user_20240926220735794011.png,8
user_20240926220741583518.png,8
user_20240926220747510992.png,8
user_20240926220753791996.png,8
user_20240926220758352945.png,9
user_20240926220803998504.png,8
user_20240926220808395631.png,8
user_20240926220813473437.png,8
user_20240926220817020580.png,1
user_20240926220821935028.png,2
user_20240926220826105823.png,3
user_20240926220832017263.png,4
user_20240926220838273892.png,5
user_20240926220843824533.png,6
user_20240926220849596866.png,7
user_20240926220855567367.png,8
user_20240926220900230176.png,9
user_20240926220904752255.png,0
user_20240926220925464030.png,1
user_20240926220930541868.png,1
user_20240926220935247897.png,2
user_20240926220939107045.png,2
user_20240926220942997868.png,3
user_20240926220946812097.png,3
user_20240926220949973704.png,3
user_20240926220953917818.png,3
user_20240926220957773842.png,4
user_20240926221001271840.png,4
user_20240926221004423775.png,4
user_20240926221008459978.png,4
user_20240926221012607355.png,4
user_20240926221018373836.png,5
user_20240926221022825346.png,5
user_20240926221027103819.png,5
user_20240926221032699456.png,6
user_20240926221036867793.png,6
user_20240926221040250205.png,6
user_20240926221043927783.png,6
user_20240926221047891504.png,6
user_20240926221051338751.png,6
user_20240926221054276644.png,6
user_20240926221058465712.png,7
user_20240926221101066818.png,7
user_20240926221104698678.png,7
user_20240926221108001033.png,7
user_20240926221111830645.png,7
user_20240926221115701791.png,7
user_20240926221119937262.png,8
user_20240926221123325731.png,8
user_20240926221127356567.png,8
user_20240926221131068043.png,8
user_20240926221135488514.png,8
user_20240926221139351496.png,8
user_20240926221143498297.png,8
user_20240926221148629683.png,8
user_20240926221153439418.png,8
user_20240926221157828761.png,9
user_20240926221201868374.png,9
user_20240926221205919724.png,9
user_20240926221209809331.png,9
user_20240926221213019707.png,9
user_20240926221216930265.png,9
user_20240926221220119874.png,9
user_20240926221223935255.png,9
user_20240926221227186664.png,9
user_20240926221231409658.png,9
user_20240926221234661665.png,9
user_20240926221238378997.png,9
user_20240926221242261159.png,9
user_20240926221245910684.png,9
user_20240926221249028710.png,9
user_20240926221253058098.png,0
user_20240926221257062251.png,0
user_20240926221301741052.png,0
user_20240926221306237030.png,0
user_20240926221310744005.png,0
user_20240926221314704582.png,0
user_20240926221320402248.png,0
user_20240926221324280112.png,0
user_20240926221328557617.png,0
user_20240926221332930257.png,0
user_20240926221339219854.png,8
user_20240926221346065253.png,8
user_20240926221350515574.png,8
user_20240926221354456567.png,8
user_20240926221359860739.png,8
user_20240926221403530931.png,8
user_20240926221409411558.png,0
user_20240926221413189310.png,0
user_20240926221417542673.png,0
user_20240926221420631531.png,0
user_20240926221423979654.png,0
user_20240926221427740275.png,0
user_20240926221431054550.png,0
user_20240926221433990517.png,0
user_20240926221438109534.png,0
user_20240926221443007515.png,9
user_20240926221447243485.png,9
user_20240926221451249017.png,9
user_20240926221455197452.png,9
user_20240926221458657496.png,9
user_20240926221503296255.png,8
user_20240926221507407832.png,8
user_20240926221511207358.png,1
user_20240926221514949723.png,2
user_20240926221519292316.png,3
user_20240926221523008467.png,4
user_20240926221527742272.png,5
user_20240926221533308447.png,6
user_20240926221537884220.png,7
user_20240926221542233438.png,8
user_20240926221548921157.png,9
user_20240926222450348997.png,8
user_20240926222454928067.png,8
user_20240926222458948330.png,9
user_20240926222503442871.png,3
user_20240926222510249320.png,4
user_20240926222514976549.png,2
user_20240926222519839697.png,1
user_20240926222523626754.png,7
user_20240926222527289939.png,7
user_20240926222533602144.png,8
user_20240926222537860119.png,8
user_20240926222541260727.png,8
user_20240926222546218448.png,8
user_20240926222550152053.png,8
user_20240926222554229032.png,8
user_20240926222559011203.png,8
user_20240926222603163650.png,8
user_20240926222607827629.png,9
user_20240926222612149641.png,0
user_20240926222616277620.png,0
user_20240926222619980500.png,0
user_20240926222623678613.png,0
user_20240926222627169759.png,0
user_20240926222630862610.png,0
user_20240926222634610839.png,0
user_20240926222637779033.png,0
user_20240926222642431524.png,0
user_20240926222646720584.png,0
user_20240926222650790582.png,0
user_20240926222654246703.png,7
user_20240926222700014035.png,8
user_20240926222704387650.png,8
user_20240926222708058902.png,8
user_20240926222712355071.png,8
user_20240926222716755880.png,3
user_20240926222721747020.png,2
user_20240926222727881217.png,1
user_20240926222731472312.png,1
user_20240926222941559295.png,8
user_20240926222947822364.png,8
user_20240926222953985267.png,8
user_20240926223000198336.png,8
user_20240926223005818289.png,8
user_20240926223011775621.png,8
user_20240926223016985743.png,8
user_20240926223021356312.png,8
user_20240926223026594312.png,8
user_20240926223031925413.png,8
user_20240926223037761296.png,8
user_20240926223043933443.png,8
user_20240926223049669940.png,8
user_20240926223055299415.png,8
user_20240926223100370360.png,8
user_20240926223106075354.png,8
user_20240926223110778884.png,8
user_20240926223115967273.png,8
user_20240926223122037555.png,8
user_20240926223127808206.png,8
user_20240926223132329206.png,8
user_20240926223137689155.png,8
user_20240926223142721122.png,8
user_20240926223147864643.png,8
user_20240926223153530164.png,8
user_20240926223158730032.png,8
user_20240926223203963004.png,8
user_20240926223210412971.png,8
user_20240926223216039939.png,8
user_20240926223221265681.png,8
user_20240926223226423127.png,8
user_20240926223231857309.png,8
user_20240926223237439826.png,8
user_20240926223243590138.png,8
user_20240926223248723480.png,8
user_20240926223254487725.png,8
user_20240926223259848810.png,8
user_20240926223304834295.png,8
user_20240926223311166094.png,8
user_20240926223316952097.png,8
user_20240926223321999085.png,8
user_20240926223327363072.png,8
user_20240926223331908099.png,8
user_20240926223337442054.png,8
user_20240926223342308084.png,8
user_20240926223347417048.png,8
user_20240926223351750300.png,8
user_20240926223356646382.png,8
user_20240926223403384128.png,8
user_20240926223408445062.png,8
user_20240926223413376001.png,8
user_20240926223417783248.png,8
user_20240926223422193002.png,8
user_20240926223427290755.png,8
user_20240926223432893190.png,8
user_20240926223439091107.png,8
user_20240926223444245119.png,8
user_20240926223449992963.png,8
user_20240926223454877235.png,8
user_20240926223500463030.png,8
user_20240926223505710954.png,8
user_20240926223511091039.png,8
user_20240926223515785873.png,8
user_20240926223521258914.png,8
user_20240926223526502885.png,8
user_20240926223532115328.png,8
user_20240926223537145157.png,8
user_20240926223542150796.png,8
user_20240926223547053214.png,8
user_20240926223552177744.png,8
user_20240926225838800639.png,8
user_20240926225843038774.png,8
user_20240926225850026633.png,8
user_20240926225855039644.png,8
user_20240926225900318638.png,8
user_20240926225904857640.png,8
user_20240926225909469658.png,8
user_20240926225914189657.png,8
user_20240926225919130628.png,8
user_20240926225923498641.png,8
user_20240926225927917598.png,8
user_20240926225931815551.png,8
user_20240926225936270551.png,8
user_20240926225940000538.png,8
user_20240926225946086331.png,8
user_20240926230202561967.png,8
user_20240926230208275705.png,8
user_20240926230212070664.png,8
user_20240926230216390899.png,8
user_20240926230220596233.png,8
user_20240926230224581867.png,8
user_20240926230228029671.png,8
user_20240926230232139795.png,8
user_20240926230235679662.png,8
user_20240926230240253666.png,8
user_20240926230245338677.png,8
user_20240926230249793764.png,8
user_20240926230253188698.png,8
user_20240926230257217678.png,8
user_20240926230302305502.png,8
user_20240926230307179678.png,8
user_20240926230311305458.png,8
user_20240926230316260655.png,8
user_20240926230320597745.png,8
user_20240926230324877619.png,8
user_20240926230329189603.png,8
user_20240926230334464583.png,8
user_20240926230338025000.png,8
user_20240926230342600439.png,8
user_20240926230345981687.png,8
user_20240926230349996516.png,8
user_20240926230353950635.png,8
user_20240926230357914485.png,8
user_20240926230401257690.png,8
user_20240926230405088455.png,8
user_20240926230408391697.png,8
user_20240926230412599423.png,8
user_20240926230416257681.png,8
user_20240926230420655694.png,8
user_20240926230424341743.png,8
user_20241017034454662634.png,6
user_20241017195754803824.png,6
user_20241017231621769516.png,6
user_20241017231627945540.png,5
user_20241017231633945112.png,6
user_20241017231641587224.png,6
user_20241017231648428848.png,6
user_20241017231654903788.png,5
user_20241017231702072590.png,1
user_20241017231708163238.png,1
user_20241017231716452744.png,9
user_20241017231723017134.png,9
user_20241017231731053949.png,4
user_20241017231737178761.png,4
user_20241017231743005896.png,4
user_20241017231752436816.png,4
user_20241017231759628702.png,9
user_20241017231807083431.png,6
user_20241017231813960787.png,5
user_20241017231820629063.png,5
user_20241017231828333892.png,8
user_20241017231834529326.png,8
user_20241017231908548990.png,6
user_20241017232007555305.png,6
user_20241017232729719130.png,6
user_20241017232736552545.png,9
user_20241017232742844897.png,7
user_20241017232751117298.png,5
user_20241017232757155264.png,5
user_20241017232804037582.png,6
user_20241017232809992780.png,6
user_20241017233704617463.png,6
user_20241017233712573469.png,6
user_20241017233719563630.png,6
user_20241017233726633550.png,6
